date,scheduled,first_seen,last_seen,last_state,outcome,physically_confirmed
2026-09-11,2026-09-11T06:09:57,2026-09-11T05:46:39+02:00,2026-09-11T06:12:55+02:00,EXPECTED,RAN_LIKELY,False
2026-09-11,2026-09-11T06:24:57,2026-09-11T05:46:39+02:00,2026-09-11T06:26:01+02:00,EXPECTED,RAN_LIKELY,False
2026-09-11,2026-09-11T06:37:57,2026-09-11T05:46:39+02:00,2026-09-11T06:36:41+02:00,EXPECTED,RAN_LIKELY,False
2026-09-11,2026-09-11T06:49:06,2026-09-11T06:26:01+02:00,2026-09-11T06:46:32+02:00,EXPECTED,RAN_LIKELY,False
2026-09-11,2026-09-11T06:59:06,2026-09-11T06:36:41+02:00,2026-09-11T07:00:32+02:00,EXPECTED,RAN_LIKELY,False
2026-09-11,2026-09-11T07:09:15,2026-09-11T06:46:32+02:00,2026-09-11T07:00:32+02:00,EXPECTED,RAN_LIKELY,False
2026-09-11,2026-09-11T07:19:15,2026-09-11T06:54:29+02:00,2026-09-11T07:11:37+02:00,EXPECTED,RAN_LIKELY,False
2026-09-11,2026-09-11T07:29:24,2026-09-11T07:11:37+02:00,2026-09-11T07:22:38+02:00,EXPECTED,RAN_LIKELY,False
2026-09-11,2026-09-11T07:40:33,2026-09-11T07:11:37+02:00,2026-09-11T07:32:49+02:00,EXPECTED,RAN_LIKELY,False
2026-09-11,2026-09-11T07:50:33,2026-09-11T07:22:38+02:00,2026-09-11T07:52:13+02:00,EXPECTED,RAN_LIKELY_DELAYED_4min,False
2026-09-11,2026-09-11T08:01:24,2026-09-11T07:32:49+02:00,2026-09-11T07:52:13+02:00,EXPECTED,RAN_LIKELY,False
2026-09-11,2026-09-11T08:09:24,2026-09-11T07:43:46+02:00,2026-09-11T08:09:24+02:00,EXPECTED,RAN_LIKELY,False
2026-09-11,2026-09-11T08:19:15,2026-09-11T08:09:24+02:00,2026-09-11T08:09:24+02:00,EXPECTED,RAN_LIKELY,False
2026-09-11,2026-09-11T08:29:15,2026-09-11T08:09:24+02:00,2026-09-11T08:27:10+02:00,EXPECTED,RAN_LIKELY_DELAYED_3min,False
2026-09-11,2026-09-11T08:41:06,2026-09-11T08:27:10+02:00,2026-09-11T08:41:07+02:00,EXPECTED,RAN_LIKELY,False
2026-09-11,2026-09-11T08:52:57,2026-09-11T08:27:10+02:00,2026-09-11T08:53:25+02:00,EXPECTED,RAN_LIKELY,False
2026-09-14,2026-09-14T06:09:57,2026-09-14T05:52:19+02:00,2026-09-14T06:11:26+02:00,EXPECTED,RAN_LIKELY,False
2026-09-14,2026-09-14T06:24:57,2026-09-14T05:52:19+02:00,2026-09-14T06:25:04+02:00,EXPECTED,RAN_LIKELY,False
2026-09-14,2026-09-14T06:37:57,2026-09-14T05:52:19+02:00,2026-09-14T06:37:06+02:00,EXPECTED,RAN_LIKELY,False
2026-09-14,2026-09-14T06:49:06,2026-09-14T06:25:04+02:00,2026-09-14T06:37:06+02:00,EXPECTED,RAN_LIKELY,False
2026-09-14,2026-09-14T06:59:06,2026-09-14T06:37:06+02:00,2026-09-14T06:57:06+02:00,EXPECTED,RAN_LIKELY,False
2026-09-14,2026-09-14T07:09:15,2026-09-14T06:57:06+02:00,2026-09-14T06:57:06+02:00,EXPECTED,RAN_LIKELY,False
2026-09-14,2026-09-14T07:19:15,2026-09-14T06:57:06+02:00,2026-09-14T07:18:24+02:00,EXPECTED,RAN_LIKELY,False
2026-09-14,2026-09-14T07:29:24,2026-09-14T07:18:24+02:00,2026-09-14T07:29:10+02:00,EXPECTED,RAN_LIKELY,False
2026-09-14,2026-09-14T07:40:33,2026-09-14T07:18:24+02:00,2026-09-14T07:39:22+02:00,EXPECTED,RAN_LIKELY,False
2026-09-14,2026-09-14T07:50:33,2026-09-14T07:29:10+02:00,2026-09-14T07:48:26+02:00,EXPECTED,RAN_LIKELY,False
2026-09-14,2026-09-14T08:01:24,2026-09-14T07:39:22+02:00,2026-09-14T08:02:57+02:00,EXPECTED,RAN_LIKELY_DELAYED_4min,False
2026-09-14,2026-09-14T08:09:24,2026-09-14T07:48:26+02:00,2026-09-14T08:02:57+02:00,EXPECTED,RAN_LIKELY,False
2026-09-14,2026-09-14T08:19:15,2026-09-14T07:55:44+02:00,2026-09-14T08:02:57+02:00,EXPECTED,RAN_LIKELY,False
2026-09-14,2026-09-14T08:29:15,2026-09-14T08:24:55+02:00,2026-09-14T08:24:55+02:00,EXPECTED,RAN_LIKELY,False
2026-09-14,2026-09-14T08:41:06,2026-09-14T08:24:55+02:00,2026-09-14T08:42:11+02:00,EXPECTED,RAN_LIKELY_DELAYED_4min,False
2026-09-14,2026-09-14T08:52:57,2026-09-14T08:24:55+02:00,2026-09-14T08:42:11+02:00,EXPECTED,RAN_LIKELY,False
2026-09-15,2026-09-15T06:09:57,2026-09-15T05:53:49+02:00,2026-09-15T06:00:49+02:00,EXPECTED,RAN_LIKELY,False
2026-09-15,2026-09-15T06:24:57,2026-09-15T05:53:49+02:00,2026-09-15T06:14:10+02:00,EXPECTED,RAN_LIKELY,False
2026-09-15,2026-09-15T06:37:57,2026-09-15T05:53:49+02:00,2026-09-15T06:28:22+02:00,EXPECTED,RAN_LIKELY,False
2026-09-15,2026-09-15T06:49:06,2026-09-15T06:14:10+02:00,2026-09-15T06:41:25+02:00,EXPECTED,RAN_LIKELY,False
2026-09-15,2026-09-15T06:59:06,2026-09-15T06:28:22+02:00,2026-09-15T07:00:07+02:00,EXPECTED,RAN_LIKELY,False
2026-09-15,2026-09-15T07:09:15,2026-09-15T06:41:25+02:00,2026-09-15T07:00:07+02:00,EXPECTED,RAN_LIKELY,False
2026-09-15,2026-09-15T07:19:15,2026-09-15T06:52:49+02:00,2026-09-15T07:11:44+02:00,EXPECTED,RAN_LIKELY,False
2026-09-15,2026-09-15T07:29:24,2026-09-15T07:11:44+02:00,2026-09-15T07:24:50+02:00,EXPECTED,RAN_LIKELY,False
2026-09-15,2026-09-15T07:40:33,2026-09-15T07:11:44+02:00,2026-09-15T07:35:32+02:00,EXPECTED,RAN_LIKELY,False
2026-09-15,2026-09-15T07:50:33,2026-09-15T07:24:50+02:00,2026-09-15T07:47:24+02:00,EXPECTED,RAN_LIKELY_DELAYED_3min,False
2026-09-15,2026-09-15T08:01:24,2026-09-15T07:35:32+02:00,2026-09-15T07:56:01+02:00,EXPECTED,RAN_LIKELY,False
2026-09-15,2026-09-15T08:09:24,2026-09-15T07:47:24+02:00,2026-09-15T08:04:09+02:00,EXPECTED,RAN_LIKELY,False
2026-09-15,2026-09-15T08:19:15,2026-09-15T07:56:01+02:00,2026-09-15T08:04:09+02:00,EXPECTED,RAN_LIKELY,False
2026-09-15,2026-09-15T08:29:15,2026-09-15T08:04:09+02:00,2026-09-15T08:25:04+02:00,EXPECTED,RAN_LIKELY,False
2026-09-15,2026-09-15T08:41:06,2026-09-15T08:25:04+02:00,2026-09-15T08:41:24+02:00,EXPECTED,RAN_LIKELY,False
2026-09-15,2026-09-15T08:52:57,2026-09-15T08:25:04+02:00,2026-09-15T08:54:23+02:00,EXPECTED,RAN_LIKELY,False
2026-09-16,2026-09-16T06:09:57,2026-09-16T05:46:48+02:00,2026-09-16T06:00:52+02:00,EXPECTED,RAN_LIKELY,False
2026-09-16,2026-09-16T06:24:57,2026-09-16T05:46:48+02:00,2026-09-16T06:30:59+02:00,EXPECTED,RAN_LIKELY_DELAYED_5min,False
2026-09-16,2026-09-16T06:37:57,2026-09-16T05:46:48+02:00,2026-09-16T06:41:39+02:00,EXPECTED,RAN_LIKELY_DELAYED_3min,False
2026-09-16,2026-09-16T06:49:06,2026-09-16T06:13:18+02:00,2026-09-16T06:51:09+02:00,ATSTOP,RAN_CONFIRMED,True
2026-09-16,2026-09-16T06:59:06,2026-09-16T06:31:30+02:00,2026-09-16T07:00:55+02:00,EXPECTED,RAN_LIKELY,False
2026-09-16,2026-09-16T07:09:15,2026-09-16T06:42:10+02:00,2026-09-16T07:03:16+02:00,EXPECTED,RAN_LIKELY,False
2026-09-16,2026-09-16T07:19:15,2026-09-16T06:51:40+02:00,2026-09-16T07:21:48+02:00,EXPECTED,RAN_LIKELY_DELAYED_3min,False
2026-09-16,2026-09-16T07:29:24,2026-09-16T07:01:26+02:00,2026-09-16T07:31:58+02:00,ATSTOP,RAN_CONFIRMED,True
2026-09-16,2026-09-16T07:40:33,2026-09-16T07:16:36+02:00,2026-09-16T07:43:29+02:00,EXPECTED,RAN_LIKELY,False
2026-09-16,2026-09-16T07:50:33,2026-09-16T07:27:50+02:00,2026-09-16T07:52:42+02:00,ATSTOP,RAN_CONFIRMED,True
2026-09-16,2026-09-16T08:01:24,2026-09-16T07:32:29+02:00,2026-09-16T07:55:07+02:00,EXPECTED,RAN_LIKELY,False
2026-09-16,2026-09-16T08:09:24,2026-09-16T07:47:32+02:00,2026-09-16T07:55:07+02:00,EXPECTED,RAN_LIKELY,False
2026-09-16,2026-09-16T08:19:15,2026-09-16T07:55:07+02:00,2026-09-16T08:22:00+02:00,ATSTOP,RAN_CONFIRMED,True
2026-09-16,2026-09-16T08:29:15,2026-09-16T08:18:23+02:00,2026-09-16T08:23:33+02:00,EXPECTED,RAN_LIKELY,False
2026-09-16,2026-09-16T08:41:06,2026-09-16T08:18:23+02:00,2026-09-16T08:42:09+02:00,EXPECTED,RAN_LIKELY,False
2026-09-16,2026-09-16T08:52:57,2026-09-16T08:22:31+02:00,2026-09-16T08:55:18+02:00,EXPECTED,RAN_LIKELY,False
2026-09-17,2026-09-17T06:09:57,2026-09-17T05:48:38+02:00,2026-09-17T06:04:41+02:00,EXPECTED,RAN_LIKELY,False
2026-09-17,2026-09-17T06:24:57,2026-09-17T05:48:38+02:00,2026-09-17T06:19:24+02:00,EXPECTED,RAN_LIKELY,False
2026-09-17,2026-09-17T06:37:57,2026-09-17T05:48:38+02:00,2026-09-17T06:31:46+02:00,EXPECTED,RAN_LIKELY,False
2026-09-17,2026-09-17T06:49:06,2026-09-17T06:19:24+02:00,2026-09-17T06:43:33+02:00,EXPECTED,RAN_LIKELY,False
2026-09-17,2026-09-17T06:59:06,2026-09-17T06:31:46+02:00,2026-09-17T07:04:15+02:00,ATSTOP,RAN_CONFIRMED_DELAYED_4min,True
2026-09-17,2026-09-17T07:09:15,2026-09-17T06:43:33+02:00,2026-09-17T07:10:56+02:00,ATSTOP,RAN_CONFIRMED,True
2026-09-17,2026-09-17T07:19:15,2026-09-17T06:52:53+02:00,2026-09-17T07:15:34+02:00,EXPECTED,RAN_LIKELY,False
2026-09-17,2026-09-17T07:29:24,2026-09-17T07:04:46+02:00,2026-09-17T07:22:28+02:00,EXPECTED,RAN_LIKELY,False
2026-09-17,2026-09-17T07:40:33,2026-09-17T07:11:27+02:00,2026-09-17T07:32:55+02:00,EXPECTED,RAN_LIKELY,False
2026-09-17,2026-09-17T07:50:33,2026-09-17T07:22:28+02:00,2026-09-17T07:55:02+02:00,EXPECTED,RAN_LIKELY_DELAYED_4min,False
2026-09-17,2026-09-17T08:01:24,2026-09-17T07:32:55+02:00,2026-09-17T08:04:02+02:00,ATSTOP,RAN_CONFIRMED,True
2026-09-17,2026-09-17T08:09:24,2026-09-17T07:43:55+02:00,2026-09-17T08:13:00+02:00,EXPECTED,RAN_LIKELY_DELAYED_3min,False
2026-09-17,2026-09-17T08:19:15,2026-09-17T07:55:33+02:00,2026-09-17T08:16:34+02:00,EXPECTED,RAN_LIKELY,False
2026-09-17,2026-09-17T08:29:15,2026-09-17T08:11:28+02:00,2026-09-17T08:32:47+02:00,ATSTOP,RAN_CONFIRMED_DELAYED_3min,True
2026-09-17,2026-09-17T08:41:06,2026-09-17T08:13:30+02:00,2026-09-17T08:35:21+02:00,EXPECTED,RAN_LIKELY,False
2026-09-17,2026-09-17T08:52:57,2026-09-17T08:30:12+02:00,2026-09-17T08:35:21+02:00,EXPECTED,RAN_LIKELY,False
2026-09-18,2026-09-18T06:09:57,2026-09-18T05:52:26+02:00,2026-09-18T06:12:56+02:00,EXPECTED,RAN_LIKELY_DELAYED_3min,False
2026-09-18,2026-09-18T06:24:57,2026-09-18T05:52:26+02:00,2026-09-18T06:12:56+02:00,EXPECTED,RAN_LIKELY,False
2026-09-18,2026-09-18T06:37:57,2026-09-18T05:52:26+02:00,2026-09-18T06:43:02+02:00,EXPECTED,RAN_LIKELY_DELAYED_4min,False
2026-09-18,2026-09-18T06:49:06,2026-09-18T06:32:06+02:00,2026-09-18T06:50:45+02:00,ATSTOP,RAN_CONFIRMED,True
2026-09-18,2026-09-18T06:59:06,2026-09-18T06:32:06+02:00,2026-09-18T07:00:58+02:00,EXPECTED,RAN_LIKELY,False
2026-09-18,2026-09-18T07:09:15,2026-09-18T06:43:33+02:00,2026-09-18T07:03:12+02:00,EXPECTED,RAN_LIKELY,False
2026-09-18,2026-09-18T07:19:15,2026-09-18T06:51:16+02:00,2026-09-18T07:03:12+02:00,EXPECTED,RAN_LIKELY,False
2026-09-18,2026-09-18T07:29:24,2026-09-18T07:01:29+02:00,2026-09-18T07:30:45+02:00,EXPECTED,RAN_LIKELY,False
2026-09-18,2026-09-18T07:40:33,2026-09-18T07:26:05+02:00,2026-09-18T07:34:53+02:00,EXPECTED,RAN_LIKELY,False
2026-09-18,2026-09-18T07:50:33,2026-09-18T07:26:05+02:00,2026-09-18T07:57:25+02:00,ATSTOP,RAN_CONFIRMED_DELAYED_6min,True
2026-09-18,2026-09-18T08:01:24,2026-09-18T07:31:15+02:00,2026-09-18T07:57:25+02:00,EXPECTED,RAN_LIKELY_DELAYED_3min,False
2026-09-18,2026-09-18T08:09:24,2026-09-18T07:44:08+02:00,2026-09-18T08:12:42+02:00,EXPECTED,RAN_LIKELY_DELAYED_3min,False
2026-09-18,2026-09-18T08:19:15,2026-09-18T08:07:37+02:00,2026-09-18T08:12:42+02:00,EXPECTED,RAN_LIKELY,False
2026-09-18,2026-09-18T08:29:15,2026-09-18T08:07:37+02:00,2026-09-18T08:30:50+02:00,EXPECTED,RAN_LIKELY,False
2026-09-18,2026-09-18T08:41:06,2026-09-18T08:25:42+02:00,2026-09-18T08:43:02+02:00,EXPECTED,RAN_LIKELY,False
2026-09-18,2026-09-18T08:52:57,2026-09-18T08:25:42+02:00,2026-09-18T08:55:15+02:00,EXPECTED,RAN_LIKELY,False
2026-09-21,2026-09-21T06:09:57,2026-09-21T05:48:42+02:00,2026-09-21T06:04:58+02:00,EXPECTED,RAN_LIKELY,False
2026-09-21,2026-09-21T06:24:57,2026-09-21T05:48:42+02:00,2026-09-21T06:19:37+02:00,EXPECTED,RAN_LIKELY_DELAYED_4min,False
2026-09-21,2026-09-21T06:37:57,2026-09-21T05:48:42+02:00,2026-09-21T06:32:26+02:00,EXPECTED,RAN_LIKELY,False
2026-09-21,2026-09-21T06:49:06,2026-09-21T06:19:37+02:00,2026-09-21T06:49:53+02:00,EXPECTED,RAN_LIKELY,False
2026-09-21,2026-09-21T06:59:06,2026-09-21T06:32:26+02:00,2026-09-21T07:01:16+02:00,EXPECTED,RAN_LIKELY,False
2026-09-21,2026-09-21T07:09:15,2026-09-21T06:44:43+02:00,2026-09-21T07:05:55+02:00,EXPECTED,RAN_LIKELY,False
2026-09-21,2026-09-21T07:19:15,2026-09-21T06:53:48+02:00,2026-09-21T07:12:37+02:00,EXPECTED,RAN_LIKELY,False
2026-09-21,2026-09-21T07:29:24,2026-09-21T07:01:48+02:00,2026-09-21T07:24:29+02:00,EXPECTED,RAN_LIKELY,False
2026-09-21,2026-09-21T07:40:33,2026-09-21T07:12:37+02:00,2026-09-21T07:34:12+02:00,EXPECTED,RAN_LIKELY,False
2026-09-21,2026-09-21T07:50:33,2026-09-21T07:24:29+02:00,2026-09-21T07:52:59+02:00,ATSTOP,RAN_CONFIRMED,True
2026-09-21,2026-09-21T08:01:24,2026-09-21T07:34:12+02:00,2026-09-21T07:58:05+02:00,EXPECTED,RAN_LIKELY,False
2026-09-21,2026-09-21T08:09:24,2026-09-21T07:44:43+02:00,2026-09-21T08:13:23+02:00,ATSTOP,RAN_CONFIRMED_DELAYED_4min,True
2026-09-21,2026-09-21T08:19:15,2026-09-21T07:53:30+02:00,2026-09-21T08:16:56+02:00,EXPECTED,RAN_LIKELY,False
2026-09-21,2026-09-21T08:29:15,2026-09-21T08:11:51+02:00,2026-09-21T08:31:43+02:00,ATSTOP,RAN_CONFIRMED,True
2026-09-21,2026-09-21T08:41:06,2026-09-21T08:13:53+02:00,2026-09-21T08:36:21+02:00,EXPECTED,RAN_LIKELY,False
2026-09-21,2026-09-21T08:52:57,2026-09-21T08:31:12+02:00,2026-09-21T08:48:03+02:00,EXPECTED,RAN_LIKELY,False
2026-09-22,2026-09-22T06:09:57,2026-09-22T05:45:40+02:00,2026-09-22T06:10:49+02:00,ATSTOP,RAN_CONFIRMED,True
2026-09-22,2026-09-22T06:24:57,2026-09-22T05:45:40+02:00,2026-09-22T06:27:44+02:00,EXPECTED,RAN_LIKELY_DELAYED_4min,False
2026-09-22,2026-09-22T06:37:57,2026-09-22T05:45:40+02:00,2026-09-22T06:43:40+02:00,ATSTOP,RAN_CONFIRMED_DELAYED_6min,True
2026-09-22,2026-09-22T06:49:06,2026-09-22T06:11:20+02:00,2026-09-22T06:48:17+02:00,EXPECTED,RAN_LIKELY,False
2026-09-22,2026-09-22T06:59:06,2026-09-22T06:33:03+02:00,2026-09-22T07:00:55+02:00,EXPECTED,RAN_LIKELY,False
2026-09-22,2026-09-22T07:09:15,2026-09-22T06:44:11+02:00,2026-09-22T07:11:33+02:00,ATSTOP,RAN_CONFIRMED,True
2026-09-22,2026-09-22T07:19:15,2026-09-22T06:51:25+02:00,2026-09-22T07:21:48+02:00,ATSTOP,RAN_CONFIRMED,True
2026-09-22,2026-09-22T07:29:24,2026-09-22T07:01:25+02:00,2026-09-22T07:31:28+02:00,EXPECTED,RAN_LIKELY,False
2026-09-22,2026-09-22T07:40:33,2026-09-22T07:19:15+02:00,2026-09-22T07:42:50+02:00,EXPECTED,RAN_LIKELY,False
2026-09-22,2026-09-22T07:50:33,2026-09-22T07:22:49+02:00,2026-09-22T07:55:40+02:00,ATSTOP,RAN_CONFIRMED_DELAYED_4min,True
2026-09-22,2026-09-22T08:01:24,2026-09-22T07:32:00+02:00,2026-09-22T08:03:59+02:00,ATSTOP,RAN_CONFIRMED,True
2026-09-22,2026-09-22T08:09:24,2026-09-22T07:43:21+02:00,2026-09-22T08:15:32+02:00,EXPECTED,RAN_LIKELY_DELAYED_6min,False
2026-09-22,2026-09-22T08:19:15,2026-09-22T07:56:11+02:00,2026-09-22T08:20:42+02:00,EXPECTED,RAN_LIKELY_DELAYED_3min,False
2026-09-22,2026-09-22T08:29:15,2026-09-22T08:04:29+02:00,2026-09-22T08:32:45+02:00,ATSTOP,RAN_CONFIRMED_DELAYED_3min,True
2026-09-22,2026-09-22T08:41:06,2026-09-22T08:16:03+02:00,2026-09-22T08:37:23+02:00,EXPECTED,RAN_LIKELY,False
2026-09-22,2026-09-22T08:52:57,2026-09-22T08:32:45+02:00,2026-09-22T08:53:52+02:00,EXPECTED,RAN_LIKELY,False
2026-09-23,2026-09-23T06:09:57,2026-09-23T05:46:20+02:00,2026-09-23T06:12:51+02:00,EXPECTED,RAN_LIKELY_DELAYED_3min,False
2026-09-23,2026-09-23T06:24:57,2026-09-23T05:46:20+02:00,2026-09-23T06:29:56+02:00,ATSTOP,RAN_CONFIRMED_DELAYED_4min,True
2026-09-23,2026-09-23T06:37:57,2026-09-23T05:46:20+02:00,2026-09-23T06:40:19+02:00,EXPECTED,RAN_LIKELY_DELAYED_4min,False
2026-09-23,2026-09-23T06:49:06,2026-09-23T06:13:22+02:00,2026-09-23T06:50:42+02:00,EXPECTED,RAN_LIKELY,False
2026-09-23,2026-09-23T06:59:06,2026-09-23T06:35:09+02:00,2026-09-23T07:01:21+02:00,ATSTOP,RAN_CONFIRMED,True
2026-09-23,2026-09-23T07:09:15,2026-09-23T06:45:33+02:00,2026-09-23T07:11:37+02:00,EXPECTED,RAN_LIKELY,False
2026-09-23,2026-09-23T07:19:15,2026-09-23T06:53:51+02:00,2026-09-23T07:14:11+02:00,EXPECTED,RAN_LIKELY,False
2026-09-23,2026-09-23T07:29:24,2026-09-23T07:01:52+02:00,2026-09-23T07:20:56+02:00,EXPECTED,RAN_LIKELY,False
2026-09-23,2026-09-23T07:40:33,2026-09-23T07:12:08+02:00,2026-09-23T07:50:28+02:00,EXPECTED,RAN_LIKELY_DELAYED_5min,False
2026-09-23,2026-09-23T07:50:33,2026-09-23T07:20:56+02:00,2026-09-23T07:54:32+02:00,EXPECTED,RAN_LIKELY_DELAYED_4min,False
2026-09-23,2026-09-23T08:01:24,2026-09-23T07:31:25+02:00,2026-09-23T08:03:36+02:00,ATSTOP,RAN_CONFIRMED,True
2026-09-23,2026-09-23T08:09:24,2026-09-23T07:50:58+02:00,2026-09-23T08:08:45+02:00,EXPECTED,RAN_LIKELY,False
2026-09-23,2026-09-23T08:19:15,2026-09-23T07:56:00+02:00,2026-09-23T08:08:45+02:00,EXPECTED,RAN_LIKELY,False
2026-09-23,2026-09-23T08:29:15,2026-09-23T08:04:07+02:00,2026-09-23T08:23:38+02:00,EXPECTED,RAN_LIKELY,False
2026-09-23,2026-09-23T08:41:06,2026-09-23T08:23:38+02:00,2026-09-23T08:43:41+02:00,ATSTOP,RAN_CONFIRMED,True
2026-09-23,2026-09-23T08:52:57,2026-09-23T08:23:38+02:00,2026-09-23T08:54:56+02:00,EXPECTED,RAN_LIKELY,False
2026-09-24,2026-09-24T06:09:57,2026-09-24T05:46:24+02:00,2026-09-24T06:12:40+02:00,ATSTOP,RAN_CONFIRMED,True
2026-09-24,2026-09-24T06:24:57,2026-09-24T05:46:24+02:00,2026-09-24T06:26:52+02:00,ATSTOP,RAN_CONFIRMED,True
2026-09-24,2026-09-24T06:37:57,2026-09-24T05:46:24+02:00,2026-09-24T06:40:26+02:00,EXPECTED,RAN_LIKELY_DELAYED_3min,False
2026-09-24,2026-09-24T06:49:06,2026-09-24T06:13:11+02:00,2026-09-24T06:50:21+02:00,ATSTOP,RAN_CONFIRMED,True
2026-09-24,2026-09-24T06:59:06,2026-09-24T06:27:23+02:00,2026-09-24T07:01:16+02:00,EXPECTED,RAN_LIKELY,False
2026-09-24,2026-09-24T07:09:15,2026-09-24T06:45:42+02:00,2026-09-24T07:12:08+02:00,ATSTOP,RAN_CONFIRMED,True
2026-09-24,2026-09-24T07:19:15,2026-09-24T06:50:52+02:00,2026-09-24T07:23:17+02:00,ATSTOP,RAN_CONFIRMED_DELAYED_3min,True
2026-09-24,2026-09-24T07:29:24,2026-09-24T07:01:47+02:00,2026-09-24T07:26:53+02:00,EXPECTED,RAN_LIKELY,False
2026-09-24,2026-09-24T07:40:33,2026-09-24T07:12:39+02:00,2026-09-24T07:43:16+02:00,ATSTOP,RAN_CONFIRMED,True
2026-09-24,2026-09-24T07:50:33,2026-09-24T07:23:48+02:00,2026-09-24T07:55:13+02:00,ATSTOP,RAN_CONFIRMED_DELAYED_3min,True
2026-09-24,2026-09-24T08:01:24,2026-09-24T07:32:03+02:00,2026-09-24T08:02:52+02:00,EXPECTED,RAN_LIKELY,False
2026-09-24,2026-09-24T08:09:24,2026-09-24T07:51:35+02:00,2026-09-24T08:13:07+02:00,EXPECTED,RAN_LIKELY_DELAYED_3min,False
2026-09-24,2026-09-24T08:19:15,2026-09-24T07:55:43+02:00,2026-09-24T08:14:08+02:00,EXPECTED,RAN_LIKELY,False
2026-09-24,2026-09-24T08:29:15,2026-09-24T08:08:58+02:00,2026-09-24T08:30:52+02:00,EXPECTED,RAN_LIKELY,False
2026-09-24,2026-09-24T08:41:06,2026-09-24T08:13:37+02:00,2026-09-24T08:44:27+02:00,ATSTOP,RAN_CONFIRMED,True
2026-09-24,2026-09-24T08:52:57,2026-09-24T08:27:14+02:00,2026-09-24T08:56:15+02:00,ATSTOP,RAN_CONFIRMED_DELAYED_3min,True
2026-09-25,2026-09-25T06:09:57,2026-09-25T05:45:18+02:00,2026-09-25T06:11:44+02:00,ATSTOP,RAN_CONFIRMED,True
2026-09-25,2026-09-25T06:24:57,2026-09-25T05:45:18+02:00,2026-09-25T06:26:57+02:00,EXPECTED,RAN_LIKELY,False
2026-09-25,2026-09-25T06:37:57,2026-09-25T05:45:18+02:00,2026-09-25T06:40:39+02:00,EXPECTED,RAN_LIKELY_DELAYED_4min,False
2026-09-25,2026-09-25T06:49:06,2026-09-25T06:12:15+02:00,2026-09-25T06:49:28+02:00,EXPECTED,RAN_LIKELY,False
2026-09-25,2026-09-25T06:59:06,2026-09-25T06:27:27+02:00,2026-09-25T07:02:27+02:00,ATSTOP,RAN_CONFIRMED_DELAYED_3min,True
2026-09-25,2026-09-25T07:09:15,2026-09-25T06:46:53+02:00,2026-09-25T07:07:06+02:00,EXPECTED,RAN_LIKELY,False
2026-09-25,2026-09-25T07:19:15,2026-09-25T06:50:31+02:00,2026-09-25T07:14:31+02:00,EXPECTED,RAN_LIKELY,False
2026-09-25,2026-09-25T07:29:24,2026-09-25T07:02:58+02:00,2026-09-25T07:30:48+02:00,ATSTOP,RAN_CONFIRMED,True
2026-09-25,2026-09-25T07:40:33,2026-09-25T07:14:31+02:00,2026-09-25T07:35:36+02:00,EXPECTED,RAN_LIKELY,False
2026-09-25,2026-09-25T07:50:33,2026-09-25T07:25:39+02:00,2026-09-25T07:45:47+02:00,EXPECTED,RAN_LIKELY,False
2026-09-25,2026-09-25T08:01:24,2026-09-25T07:35:36+02:00,2026-09-25T08:03:20+02:00,EXPECTED,RAN_LIKELY,False
2026-09-25,2026-09-25T08:09:24,2026-09-25T07:45:47+02:00,2026-09-25T08:14:33+02:00,ATSTOP,RAN_CONFIRMED_DELAYED_5min,True
2026-09-25,2026-09-25T08:19:15,2026-09-25T07:54:11+02:00,2026-09-25T08:19:12+02:00,EXPECTED,RAN_LIKELY_DELAYED_3min,False
2026-09-25,2026-09-25T08:29:15,2026-09-25T08:03:50+02:00,2026-09-25T08:19:12+02:00,EXPECTED,RAN_LIKELY,False
2026-09-25,2026-09-25T08:41:06,2026-09-25T08:15:04+02:00,2026-09-25T08:32:07+02:00,EXPECTED,RAN_LIKELY,False
2026-09-25,2026-09-25T08:52:57,2026-09-25T08:32:07+02:00,2026-09-25T08:54:25+02:00,EXPECTED,RAN_LIKELY,False
2026-09-28,2026-09-28T06:09:57,2026-09-28T05:45:08+02:00,2026-09-28T06:03:34+02:00,EXPECTED,RAN_LIKELY,False
2026-09-28,2026-09-28T06:24:57,2026-09-28T05:45:08+02:00,2026-09-28T06:19:44+02:00,EXPECTED,RAN_LIKELY,False
2026-09-28,2026-09-28T06:37:57,2026-09-28T05:45:08+02:00,2026-09-28T06:38:16+02:00,EXPECTED,RAN_LIKELY,False
2026-09-28,2026-09-28T06:49:06,2026-09-28T06:19:44+02:00,2026-09-28T06:50:07+02:00,EXPECTED,RAN_LIKELY,False
2026-09-28,2026-09-28T06:59:06,2026-09-28T06:34:17+02:00,2026-09-28T06:54:32+02:00,EXPECTED,RAN_LIKELY,False
2026-09-28,2026-09-28T07:09:15,2026-09-28T06:41:32+02:00,2026-09-28T07:12:20+02:00,EXPECTED,RAN_LIKELY_DELAYED_3min,False
2026-09-28,2026-09-28T07:19:15,2026-09-28T06:50:41+02:00,2026-09-28T07:12:20+02:00,EXPECTED,RAN_LIKELY,False
2026-09-28,2026-09-28T07:29:24,2026-09-28T07:07:14+02:00,2026-09-28T07:12:20+02:00,EXPECTED,RAN_LIKELY,False
2026-09-28,2026-09-28T07:50:33,2026-09-28T07:46:44+02:00,2026-09-28T08:05:52+02:00,EXPECTED,RAN_LIKELY_DELAYED_4min,False
2026-09-28,2026-09-28T08:01:24,2026-09-28T07:46:44+02:00,2026-09-28T08:05:52+02:00,EXPECTED,RAN_LIKELY,False
2026-09-28,2026-09-28T08:09:24,2026-09-28T07:46:44+02:00,2026-09-28T08:09:22+02:00,EXPECTED,RAN_LIKELY,False
2026-09-28,2026-09-28T08:19:15,2026-09-28T08:03:04+02:00,2026-09-28T08:26:28+02:00,ATSTOP,RAN_CONFIRMED_DELAYED_6min,True
2026-09-28,2026-09-28T08:29:15,2026-09-28T08:05:09+02:00,2026-09-28T08:32:09+02:00,EXPECTED,RAN_LIKELY_DELAYED_4min,False
2026-09-28,2026-09-28T08:41:06,2026-09-28T08:25:57+02:00,2026-09-28T08:32:09+02:00,EXPECTED,RAN_LIKELY,False
2026-09-28,2026-09-28T08:52:57,2026-09-28T08:27:01+02:00,2026-09-28T08:32:09+02:00,EXPECTED,UNCERTAIN_WINDOW_ENDED,False
2026-09-29,2026-09-29T06:09:57,2026-09-29T05:55:00+02:00,2026-09-29T06:01:12+02:00,EXPECTED,RAN_LIKELY,False
2026-09-29,2026-09-29T06:24:57,2026-09-29T05:55:00+02:00,2026-09-29T06:14:34+02:00,EXPECTED,RAN_LIKELY,False
2026-09-29,2026-09-29T06:37:57,2026-09-29T05:55:00+02:00,2026-09-29T06:41:42+02:00,ATSTOP,RAN_CONFIRMED_DELAYED_3min,True
2026-09-29,2026-09-29T06:49:06,2026-09-29T06:14:34+02:00,2026-09-29T06:47:37+02:00,EXPECTED,RAN_LIKELY,False
2026-09-29,2026-09-29T06:59:06,2026-09-29T06:28:55+02:00,2026-09-29T07:01:08+02:00,EXPECTED,RAN_LIKELY,False
2026-09-29,2026-09-29T07:09:15,2026-09-29T06:42:14+02:00,2026-09-29T07:08:33+02:00,EXPECTED,RAN_LIKELY,False
2026-09-29,2026-09-29T07:19:15,2026-09-29T06:52:55+02:00,2026-09-29T07:12:32+02:00,EXPECTED,RAN_LIKELY,False
2026-09-29,2026-09-29T07:29:24,2026-09-29T07:03:07+02:00,2026-09-29T07:39:47+02:00,EXPECTED,RAN_LIKELY,False
2026-09-29,2026-09-29T07:40:33,2026-09-29T07:12:32+02:00,2026-09-29T07:43:06+02:00,ATSTOP,RAN_CONFIRMED,True
2026-09-29,2026-09-29T07:50:33,2026-09-29T07:25:57+02:00,2026-09-29T07:59:33+02:00,EXPECTED,RAN_LIKELY_DELAYED_4min,False
2026-09-29,2026-09-29T08:01:24,2026-09-29T07:32:06+02:00,2026-09-29T08:05:18+02:00,ATSTOP,RAN_CONFIRMED,True
2026-09-29,2026-09-29T08:09:24,2026-09-29T07:43:55+02:00,2026-09-29T08:11:03+02:00,ATSTOP,RAN_CONFIRMED,True
2026-09-29,2026-09-29T08:19:15,2026-09-29T07:57:58+02:00,2026-09-29T08:15:50+02:00,EXPECTED,RAN_LIKELY,False
2026-09-29,2026-09-29T08:29:15,2026-09-29T08:09:38+02:00,2026-09-29T08:37:10+02:00,EXPECTED,RAN_LIKELY,False
2026-09-29,2026-09-29T08:41:06,2026-09-29T08:12:00+02:00,2026-09-29T08:37:10+02:00,EXPECTED,RAN_LIKELY,False
2026-09-29,2026-09-29T08:52:57,2026-09-29T08:28:53+02:00,2026-09-29T08:45:46+02:00,EXPECTED,RAN_LIKELY,False
2026-09-30,2026-09-30T06:09:57,2026-09-30T05:45:23+02:00,2026-09-30T05:45:23+02:00,EXPECTED,VANISHED_CONFIRMED,False
2026-09-30,2026-09-30T06:24:57,2026-09-30T05:45:23+02:00,2026-09-30T05:45:23+02:00,EXPECTED,VANISHED_CONFIRMED,False
2026-09-30,2026-09-30T06:37:57,2026-09-30T05:45:23+02:00,2026-09-30T06:39:05+02:00,EXPECTED,RAN_LIKELY,False
2026-09-30,2026-09-30T06:49:06,2026-09-30T06:35:14+02:00,2026-09-30T06:49:48+02:00,EXPECTED,RAN_LIKELY,False
2026-09-30,2026-09-30T06:59:06,2026-09-30T06:35:14+02:00,2026-09-30T06:58:52+02:00,EXPECTED,RAN_LIKELY,False
2026-09-30,2026-09-30T07:09:15,2026-09-30T06:40:23+02:00,2026-09-30T07:03:59+02:00,EXPECTED,RAN_LIKELY,False
2026-09-30,2026-09-30T07:19:15,2026-09-30T06:51:42+02:00,2026-09-30T07:03:59+02:00,EXPECTED,RAN_LIKELY,False
2026-09-30,2026-09-30T07:29:24,2026-09-30T07:01:28+02:00,2026-09-30T07:23:56+02:00,EXPECTED,RAN_LIKELY,False
2026-09-30,2026-09-30T07:40:33,2026-09-30T07:23:56+02:00,2026-09-30T07:23:56+02:00,EXPECTED,RAN_LIKELY,False
2026-09-30,2026-09-30T07:50:33,2026-09-30T07:23:56+02:00,2026-09-30T07:52:57+02:00,ATSTOP,RAN_CONFIRMED,True
2026-09-30,2026-09-30T08:01:24,2026-09-30T07:48:19+02:00,2026-09-30T08:02:56+02:00,EXPECTED,RAN_LIKELY,False
2026-09-30,2026-09-30T08:09:24,2026-09-30T07:48:19+02:00,2026-09-30T08:14:15+02:00,ATSTOP,RAN_CONFIRMED_DELAYED_4min,True
2026-09-30,2026-09-30T08:19:15,2026-09-30T07:54:57+02:00,2026-09-30T08:14:46+02:00,EXPECTED,RAN_LIKELY,False
2026-09-30,2026-09-30T08:29:15,2026-09-30T08:08:51+02:00,2026-09-30T08:14:46+02:00,EXPECTED,RAN_LIKELY,False
2026-09-30,2026-09-30T08:41:06,2026-09-30T08:14:46+02:00,2026-09-30T08:14:46+02:00,EXPECTED,VANISHED_LIKELY,False
2026-10-01,2026-10-01T06:09:57,2026-10-01T05:48:36+02:00,2026-10-01T05:48:36+02:00,EXPECTED,VANISHED_CONFIRMED,False
2026-10-01,2026-10-01T06:24:57,2026-10-01T05:48:36+02:00,2026-10-01T06:26:20+02:00,ATSTOP,RAN_CONFIRMED,True
2026-10-01,2026-10-01T06:37:57,2026-10-01T05:48:36+02:00,2026-10-01T06:32:34+02:00,EXPECTED,RAN_LIKELY,False
2026-10-01,2026-10-01T06:49:06,2026-10-01T06:26:20+02:00,2026-10-01T06:32:34+02:00,EXPECTED,RAN_LIKELY,False
2026-10-01,2026-10-01T06:59:06,2026-10-01T06:26:57+02:00,2026-10-01T06:32:34+02:00,EXPECTED,VANISHED_CONFIRMED,False
2026-10-01,2026-10-01T07:29:24,2026-10-01T07:29:54+02:00,2026-10-01T07:31:06+02:00,EXPECTED,RAN_LIKELY,False
2026-10-01,2026-10-01T07:40:33,2026-10-01T07:29:54+02:00,2026-10-01T07:36:08+02:00,EXPECTED,RAN_LIKELY,False
2026-10-01,2026-10-01T07:50:33,2026-10-01T07:29:54+02:00,2026-10-01T07:55:39+02:00,EXPECTED,RAN_LIKELY_DELAYED_5min,False
2026-10-01,2026-10-01T08:01:24,2026-10-01T07:31:37+02:00,2026-10-01T08:01:51+02:00,EXPECTED,RAN_LIKELY,False
2026-10-01,2026-10-01T08:09:24,2026-10-01T07:43:18+02:00,2026-10-01T08:01:51+02:00,EXPECTED,RAN_LIKELY_DELAYED_3min,False
2026-10-01,2026-10-01T08:19:15,2026-10-01T07:56:51+02:00,2026-10-01T08:01:51+02:00,EXPECTED,RAN_LIKELY,False
2026-10-01,2026-10-01T08:29:15,2026-10-01T08:28:12+02:00,2026-10-01T08:31:17+02:00,EXPECTED,RAN_LIKELY,False
2026-10-01,2026-10-01T08:41:06,2026-10-01T08:28:12+02:00,2026-10-01T08:34:22+02:00,EXPECTED,PENDING,False
2026-10-01,2026-10-01T08:52:57,2026-10-01T08:28:12+02:00,2026-10-01T08:34:22+02:00,EXPECTED,PENDING,False
2026-10-02,2026-10-02T06:09:57,2026-10-02T05:47:50+02:00,2026-10-02T06:12:36+02:00,EXPECTED,RAN_LIKELY_DELAYED_3min,False
2026-10-02,2026-10-02T06:24:57,2026-10-02T05:47:50+02:00,2026-10-02T06:27:12+02:00,ATSTOP,RAN_CONFIRMED,True
2026-10-02,2026-10-02T06:37:57,2026-10-02T05:47:50+02:00,2026-10-02T06:40:07+02:00,ATSTOP,RAN_CONFIRMED,True
2026-10-02,2026-10-02T06:49:06,2026-10-02T06:23:34+02:00,2026-10-02T06:50:44+02:00,ATSTOP,RAN_CONFIRMED,True
2026-10-02,2026-10-02T06:59:06,2026-10-02T06:27:43+02:00,2026-10-02T07:01:12+02:00,EXPECTED,RAN_LIKELY,False
2026-10-02,2026-10-02T07:09:15,2026-10-02T06:40:37+02:00,2026-10-02T07:11:48+02:00,ATSTOP,RAN_CONFIRMED,True
2026-10-02,2026-10-02T07:19:15,2026-10-02T06:51:15+02:00,2026-10-02T07:13:52+02:00,EXPECTED,RAN_LIKELY,False
2026-10-02,2026-10-02T07:29:24,2026-10-02T07:01:43+02:00,2026-10-02T07:22:53+02:00,EXPECTED,RAN_LIKELY,False
2026-10-02,2026-10-02T07:40:33,2026-10-02T07:12:19+02:00,2026-10-02T07:40:21+02:00,EXPECTED,RAN_LIKELY,False
2026-10-02,2026-10-02T07:50:33,2026-10-02T07:22:53+02:00,2026-10-02T07:47:58+02:00,EXPECTED,RAN_LIKELY_DELAYED_4min,False
2026-10-02,2026-10-02T08:01:24,2026-10-02T07:35:15+02:00,2026-10-02T07:57:23+02:00,EXPECTED,RAN_LIKELY_DELAYED_4min,False
2026-10-02,2026-10-02T08:09:24,2026-10-02T07:47:58+02:00,2026-10-02T08:13:13+02:00,ATSTOP,RAN_CONFIRMED,True
2026-10-02,2026-10-02T08:19:15,2026-10-02T07:57:23+02:00,2026-10-02T08:13:13+02:00,EXPECTED,RAN_LIKELY,False
2026-10-02,2026-10-02T08:29:15,2026-10-02T08:08:04+02:00,2026-10-02T08:31:31+02:00,ATSTOP,RAN_CONFIRMED,True
2026-10-02,2026-10-02T08:41:06,2026-10-02T08:28:26+02:00,2026-10-02T08:33:04+02:00,EXPECTED,RAN_LIKELY,False
2026-10-02,2026-10-02T08:52:57,2026-10-02T08:28:26+02:00,2026-10-02T08:46:25+02:00,EXPECTED,RAN_LIKELY,False
2026-10-05,2026-10-05T06:09:57,2026-10-05T05:56:16+02:00,2026-10-05T06:13:00+02:00,ATSTOP,RAN_CONFIRMED,True
2026-10-05,2026-10-05T06:24:57,2026-10-05T05:56:16+02:00,2026-10-05T06:29:33+02:00,ATSTOP,RAN_CONFIRMED_DELAYED_4min,True
2026-10-05,2026-10-05T06:37:57,2026-10-05T05:56:16+02:00,2026-10-05T06:30:34+02:00,EXPECTED,RAN_LIKELY,False
2026-10-05,2026-10-05T06:49:06,2026-10-05T06:25:28+02:00,2026-10-05T06:30:34+02:00,EXPECTED,RAN_LIKELY,False
2026-10-05,2026-10-05T06:59:06,2026-10-05T06:30:03+02:00,2026-10-05T07:00:37+02:00,EXPECTED,RAN_LIKELY,False
2026-10-05,2026-10-05T07:09:15,2026-10-05T06:55:27+02:00,2026-10-05T07:00:37+02:00,EXPECTED,RAN_LIKELY,False
2026-10-05,2026-10-05T07:19:15,2026-10-05T06:55:27+02:00,2026-10-05T07:22:00+02:00,EXPECTED,RAN_LIKELY_DELAYED_3min,False
2026-10-05,2026-10-05T07:29:24,2026-10-05T07:16:55+02:00,2026-10-05T07:22:00+02:00,EXPECTED,RAN_LIKELY,False
2026-10-05,2026-10-05T07:40:33,2026-10-05T07:16:55+02:00,2026-10-05T07:22:00+02:00,EXPECTED,RAN_LIKELY,False
2026-10-05,2026-10-05T07:50:33,2026-10-05T07:51:59+02:00,2026-10-05T07:55:05+02:00,EXPECTED,RAN_LIKELY_DELAYED_5min,False
2026-10-05,2026-10-05T08:01:24,2026-10-05T07:51:59+02:00,2026-10-05T08:03:05+02:00,EXPECTED,RAN_LIKELY,False
2026-10-05,2026-10-05T08:09:24,2026-10-05T07:51:59+02:00,2026-10-05T08:07:43+02:00,EXPECTED,RAN_LIKELY_DELAYED_4min,False
2026-10-05,2026-10-05T08:19:15,2026-10-05T07:55:36+02:00,2026-10-05T08:07:43+02:00,EXPECTED,RAN_LIKELY,False
2026-10-05,2026-10-05T08:29:15,2026-10-05T08:04:37+02:00,2026-10-05T08:07:43+02:00,EXPECTED,VANISHED_CONFIRMED,False
2026-10-05,2026-10-05T08:52:57,2026-10-05T08:51:17+02:00,2026-10-05T08:55:26+02:00,EXPECTED,RAN_LIKELY,False
2026-10-06,2026-10-06T06:09:57,2026-10-06T05:48:04+02:00,2026-10-06T06:13:15+02:00,EXPECTED,RAN_LIKELY,False
2026-10-06,2026-10-06T06:24:57,2026-10-06T05:48:04+02:00,2026-10-06T06:16:50+02:00,EXPECTED,RAN_LIKELY,False
2026-10-06,2026-10-06T06:37:57,2026-10-06T05:48:04+02:00,2026-10-06T06:27:25+02:00,EXPECTED,RAN_LIKELY,False
2026-10-06,2026-10-06T06:49:06,2026-10-06T06:13:46+02:00,2026-10-06T06:41:20+02:00,EXPECTED,RAN_LIKELY,False
2026-10-06,2026-10-06T06:59:06,2026-10-06T06:27:25+02:00,2026-10-06T07:03:23+02:00,EXPECTED,RAN_LIKELY_DELAYED_4min,False
2026-10-06,2026-10-06T07:09:15,2026-10-06T06:41:20+02:00,2026-10-06T07:06:28+02:00,EXPECTED,RAN_LIKELY_DELAYED_3min,False
2026-10-06,2026-10-06T07:19:15,2026-10-06T07:01:20+02:00,2026-10-06T07:14:37+02:00,EXPECTED,RAN_LIKELY,False
2026-10-06,2026-10-06T07:29:24,2026-10-06T07:03:55+02:00,2026-10-06T07:32:25+02:00,ATSTOP,RAN_CONFIRMED_DELAYED_3min,True
2026-10-06,2026-10-06T07:40:33,2026-10-06T07:14:37+02:00,2026-10-06T07:44:33+02:00,ATSTOP,RAN_CONFIRMED_DELAYED_3min,True
2026-10-06,2026-10-06T07:50:33,2026-10-06T07:29:21+02:00,2026-10-06T07:54:48+02:00,ATSTOP,RAN_CONFIRMED_DELAYED_3min,True
2026-10-06,2026-10-06T08:01:24,2026-10-06T07:32:56+02:00,2026-10-06T07:54:48+02:00,EXPECTED,PENDING,False
2026-10-06,2026-10-06T08:09:24,2026-10-06T07:45:05+02:00,2026-10-06T07:54:48+02:00,EXPECTED,PENDING,False
